customer_id,first_name,last_name,email,country,signup_date
CUST_00001,Dakota,Rosario,paulajenkins@example.org,UK,2025-05-27
CUST_00002,Graham,Brown,deborahnicholls@example.com,DE,2025-12-22
CUST_00003,Mary,Mcdaniel,dlawson@example.org,US,2026-02-18
CUST_00004,Matthew,Wilson,fergusonleon@example.net,US,2026-02-25
CUST_00005,Chelsea,Davis,grantdiane@example.org,UK,2025-08-04
CUST_00006,Elizabeth,Ruiz,scottjosh@example.net,UK,2024-11-26
CUST_00007,Paul,Hamilton,ojohnson@example.org,UK,2024-10-25
CUST_00008,Karen,West,hkoch@example.com,DE,2026-05-13
CUST_00009,Keith,Black,melaniebowen@example.com,US,2026-07-11
CUST_00010,Jill,Hooper,gonzalezchristian@example.org,US,2026-03-26
CUST_00011,William,Ali,porterjosh@example.com,UK,2026-03-25
CUST_00012,Katherine,Johnson,greenkimberley@example.org,DE,2025-09-24
CUST_00013,Alexander,Sanchez,haynesjesse@example.org,DE,2026-06-06
CUST_00014,Frank,Shaffer,terry99@example.com,UK,2024-12-01
CUST_00015,Brandon,Campbell,phillipgill@example.org,UK,2026-07-23
CUST_00016,Barry,Barron,sthompson@example.com,UK,2025-05-24
CUST_00017,Karen,Morley,crystalstevens@example.org,UK,2026-07-04
CUST_00018,John,Ponce,kimberleyscott@example.net,US,2026-03-15
CUST_00019,Teresa,Bates,vharris@example.com,US,2025-03-13
CUST_00020,Nicholas,Flores,lauracollins@example.net,UK,2025-06-05
CUST_00021,Terence,Jones,simonpatel@example.org,US,2025-01-17
CUST_00022,Derek,Wallace,kimberleyfletcher@example.com,UK,2026-01-25
CUST_00023,Laura,Roy,zparsons@example.org,UK,2024-11-28
CUST_00024,Leon,Rogers,xhouston@example.com,UK,2026-08-17
CUST_00025,Timothy,Silva,jdoyle@example.com,US,2026-08-16
CUST_00026,Frank,Field,wilsonkirk@example.org,US,2026-02-05
CUST_00027,Carol,Fry,jarcher@example.net,UK,2025-03-13
CUST_00028,Michael,Pritchard,evansnorman@example.net,US,2026-04-06
CUST_00029,Douglas,Clarke,james16@example.net,US,2025-01-10
CUST_00030,Patricia,Mueller,matthew93@example.org,UK,2026-04-20
CUST_00031,Marc,Pham,nigellawrence@example.org,US,2024-08-31
CUST_00032,Dennis,Turner,sarahcortez@example.net,UK,2025-12-13
CUST_00033,Jennifer,Morgan,georginaiqbal@example.net,UK,2025-04-18
CUST_00034,Christopher,Robbins,natashadobson@example.net,DE,2025-10-07
CUST_00035,Robert,Gordon,julianbegum@example.com,DE,2025-06-30
CUST_00036,Dale,Young,tom41@example.com,DE,2024-10-22
CUST_00037,James,Watkins,fpalmer@example.com,UK,2025-12-29
CUST_00038,Gregory,Evans,alexandra55@example.com,UK,2026-01-31
CUST_00039,Mohammed,Steele,lewis39@example.org,US,2025-04-12
CUST_00040,Nancy,Jones,barbershawn@example.com,US,2025-05-18
CUST_00041,Natalie,Knowles,russelljones@example.net,UK,2025-11-01
CUST_00042,Jean,Smith,brandonmartin@example.com,US,2024-10-14
CUST_00043,Michelle,Diaz,colin65@example.net,UK,2025-11-25
CUST_00044,Gerald,Wilson,rhondasmith@example.com,DE,2025-02-21
CUST_00045,Clifford,Harrison,toddrobert@example.com,UK,2025-09-15
CUST_00046,Antonio,Garcia,joannewalters@example.net,US,2026-05-17
CUST_00047,Anthony,Lawrence,dustin29@example.com,UK,2024-11-12
CUST_00048,Jenna,Simon,pbarton@example.com,US,2025-02-23
CUST_00049,Emily,Briggs,laceypennington@example.net,US,2025-10-24
CUST_00050,Jean,Smith,qwaters@example.org,UK,2025-06-05
CUST_00051,Paige,Nicholls,jwatts@example.org,DE,2026-04-21
CUST_00052,Kerry,Goodwin,walkerconnor@example.com,US,2025-06-21
CUST_00053,Lindsey,Webb,uthomas@example.com,DE,2025-05-24
CUST_00054,Sarah,Mann,dianamoreno@example.com,DE,2025-09-26
CUST_00055,Joel,Rogers,victorjohnson@example.com,US,2025-11-15
CUST_00056,Keith,Smith,pgraham@example.com,DE,2025-05-17
CUST_00057,John,Kaur,ynewton@example.org,UK,2025-08-23
CUST_00058,John,Carter,zrollins@example.org,UK,2025-08-13
CUST_00059,Jennifer,Jarvis,andersonshannon@example.com,UK,2025-01-13
CUST_00060,Josh,Brady,kristin66@example.com,UK,2026-03-06
CUST_00061,John,Booth,russelljames@example.org,UK,2026-07-12
CUST_00062,Brittany,Miller,daleronald@example.com,UK,2025-03-16
CUST_00063,Judith,Hart,eking@example.net,DE,2025-06-21
CUST_00064,Sarah,Rodriguez,gsmith@example.org,UK,2025-05-29
CUST_00065,Mary,Owen,lgregory@example.net,UK,2025-08-27
CUST_00066,Jordan,Griffin,whamilton@example.com,US,2024-10-31
CUST_00067,Jason,Quinn,scott87@example.com,UK,2025-01-26
CUST_00068,Mason,Smith,ericwalker@example.com,DE,2025-07-20
CUST_00069,Caroline,Nixon,christopher21@example.com,UK,2024-10-03
CUST_00070,Michael,Webb,chad38@example.net,DE,2025-10-09
CUST_00071,Meghan,Roberts,patelalex@example.org,US,2026-06-09
CUST_00072,Eugene,Martin,michael93@example.com,UK,2024-08-29
CUST_00073,Joseph,Lane,karen66@example.com,UK,2025-09-14
CUST_00074,Paula,Jones,qturner@example.com,DE,2025-02-02
CUST_00075,Paige,Brown,aimeethompson@example.net,US,2025-10-27
CUST_00076,Michael,Harrison,josephyoder@example.org,US,2026-07-19
CUST_00077,Ryan,Hartley,lyonsshelly@example.com,US,2024-11-04
CUST_00078,Stephen,Wilson,wellstoby@example.com,UK,2026-04-23
CUST_00079,Rosemary,Roberson,ugardner@example.net,UK,2024-09-30
CUST_00080,Nathan,Smith,kristie86@example.net,UK,2025-03-12
CUST_00081,Timothy,West,wtucker@example.net,DE,2026-04-19
CUST_00082,Krystal,Murphy,michaelkelley@example.com,US,2024-12-04
CUST_00083,Anthony,Jennings,tannerleslie@example.org,UK,2025-12-29
CUST_00084,John,Hanson,qcox@example.net,UK,2026-07-28
CUST_00085,Carl,Aguilar,denise06@example.net,UK,2024-11-16
CUST_00086,Catherine,Schofield,rross@example.net,UK,2026-03-21
CUST_00087,Robert,Jones,xdavies@example.net,US,2026-07-25
CUST_00088,Stephen,King,kstephenson@example.com,US,2025-04-22
CUST_00089,Martyn,Dodd,brian32@example.net,DE,2025-06-01
CUST_00090,Sarah,Martin,qsmith@example.net,US,2024-09-04
CUST_00091,Andrew,Taylor,wcastaneda@example.org,UK,2024-11-21
CUST_00092,Gillian,Williams,edwardsmarian@example.org,US,2025-04-18
CUST_00093,Joseph,Begum,icollins@example.com,US,2026-05-19
CUST_00094,Tammy,Clark,philipchambers@example.com,US,2026-01-15
CUST_00095,Scott,Greene,baileyjayne@example.net,US,2025-02-08
CUST_00096,Thomas,Kelly,jennifercaldwell@example.net,US,2025-09-26
CUST_00097,Gabriel,O'Neill,georgekaitlyn@example.net,US,2025-10-25
CUST_00098,Stewart,Greenwood,lopezharold@example.net,US,2024-08-28
CUST_00099,Kathleen,Williams,suzanneharris@example.com,UK,2025-07-09
CUST_00100,Gregory,Johnson,bethanydavies@example.net,UK,2025-03-03
CUST_00101,Anthony,Brown,christopher49@example.net,UK,2025-03-15
CUST_00102,Nathan,Robinson,jonesdonna@example.com,US,2024-12-03
CUST_00103,Maria,Robinson,dcunningham@example.org,UK,2025-04-07
CUST_00104,Todd,Joseph,michael32@example.org,US,2024-12-12
CUST_00105,Simon,Bailey,charlene07@example.net,DE,2025-03-21
CUST_00106,Shawn,Watson,kylemartin@example.net,UK,2025-02-28
CUST_00107,Reece,Hurst,joseph14@example.org,US,2026-06-13
CUST_00108,Nancy,Hammond,jennaward@example.net,US,2026-07-09
CUST_00109,William,Hughes,matthewthomas@example.org,UK,2026-02-02
CUST_00110,Martin,Powell,uwhite@example.com,UK,2025-06-20
CUST_00111,Michael,Cooper,walter47@example.net,UK,2025-05-09
CUST_00112,Tracy,Perkins,susan24@example.net,UK,2025-01-31
CUST_00113,Don,Smith,reneelove@example.net,DE,2026-05-04
CUST_00114,Chris,Evans,abdulmorgan@example.net,DE,2025-04-02
CUST_00115,Daniel,Jones,williamsdavid@example.org,US,2026-02-15
CUST_00116,Maureen,Fitzgerald,kerrynelson@example.com,DE,2026-02-03
CUST_00117,Kyle,Beck,chughes@example.net,DE,2026-03-22
CUST_00118,Jenna,Glover,nicolemason@example.org,UK,2024-10-16
CUST_00119,Willie,Horton,leekaty@example.org,DE,2026-06-22
CUST_00120,Lesley,Johnson,bryan48@example.com,US,2026-02-02
CUST_00121,Lori,James,ddonnelly@example.net,DE,2026-04-03
CUST_00122,Eileen,Price,graykyle@example.org,DE,2024-11-26
CUST_00123,Michael,Hill,harrisonnaomi@example.net,UK,2025-05-17
CUST_00124,Lucy,Randall,beverley72@example.net,UK,2025-06-28
CUST_00125,Jade,Benson,ymiller@example.com,UK,2026-03-12
CUST_00126,Darlene,Medina,graceparker@example.com,US,2024-11-01
CUST_00127,Stanley,Scott,hudsonnaomi@example.com,DE,2026-08-24
CUST_00128,Brett,Johnson,amysavage@example.com,DE,2026-05-17
CUST_00129,William,Jarvis,rmurphy@example.net,UK,2024-11-21
CUST_00130,Lesley,Morales,victoria58@example.net,US,2025-10-29
CUST_00131,Veronica,Smith,ibuchanan@example.com,US,2024-12-20
CUST_00132,Leon,Williams,natalie31@example.org,UK,2026-08-18
CUST_00133,Connor,Fuller,gdavison@example.com,UK,2026-04-17
CUST_00134,Nicholas,Thompson,sherry40@example.com,UK,2025-07-12
CUST_00135,Cynthia,Hicks,christopher91@example.net,DE,2024-12-17
CUST_00136,Scott,Hudson,bjohn@example.com,UK,2025-10-11
CUST_00137,Joseph,Hill,tboone@example.com,US,2026-05-02
CUST_00138,Bethany,Wagner,stanleystanley@example.net,US,2026-05-05
CUST_00139,Melissa,Brown,garyvincent@example.net,UK,2026-01-15
CUST_00140,Jeremy,Baker,bryanmcknight@example.com,DE,2026-01-01
CUST_00141,Teresa,Reed,lynncole@example.org,DE,2025-11-29
CUST_00142,Cory,Wood,wjones@example.org,UK,2024-10-13
CUST_00143,Angela,Grimes,joshua92@example.org,US,2026-02-06
CUST_00144,Russell,Hawkins,douglas29@example.net,UK,2025-02-28
CUST_00145,Jason,Vincent,daykevin@example.org,UK,2026-05-01
CUST_00146,Colin,White,coryfletcher@example.com,UK,2026-05-26
CUST_00147,Kelly,Flores,elizabethlopez@example.com,US,2026-06-07
CUST_00148,Christina,Clarke,gemma67@example.net,US,2025-09-06
CUST_00149,Anita,Moran,vincent06@example.org,UK,2024-12-18
CUST_00150,Brian,Randolph,kimjackson@example.net,UK,2025-12-19
CUST_00151,Beth,Miller,robertsimmons@example.net,DE,2025-05-31
CUST_00152,Helen,Thompson,bennetttimothy@example.org,UK,2024-09-20
CUST_00153,Amber,Bowen,graham38@example.com,UK,2025-10-13
CUST_00154,Sarah,Cook,jonesjason@example.com,US,2026-04-22
CUST_00155,Anthony,Cross,roy15@example.org,DE,2025-10-03
CUST_00156,Glen,Green,elliotdean@example.com,UK,2025-02-11
CUST_00157,Jack,Warren,dlewis@example.net,US,2025-01-09
CUST_00158,Ellie,Solis,smithamanda@example.net,US,2026-01-06
CUST_00159,Hollie,Richardson,kellystacey@example.net,UK,2026-04-26
CUST_00160,Brian,Lawson,christina38@example.org,US,2026-05-04
CUST_00161,Michele,Hart,bentondenise@example.org,UK,2024-12-27
CUST_00162,Angel,Smith,heather57@example.org,US,2026-08-15
CUST_00163,Ryan,Kemp,bmueller@example.org,US,2025-03-18
CUST_00164,Timothy,Smith,leannegardner@example.org,US,2026-06-27
CUST_00165,Joseph,Turner,padillajodi@example.org,UK,2025-08-18
CUST_00166,Diane,Taylor,ericadams@example.com,DE,2024-09-09
CUST_00167,Frank,Kirby,allantom@example.com,UK,2024-09-01
CUST_00168,Martha,Ward,lhensley@example.org,UK,2024-11-16
CUST_00169,Eileen,Sims,lyndasmith@example.com,UK,2024-11-16
CUST_00170,Kyle,Rodriguez,jacksonrachel@example.net,US,2024-10-22
CUST_00171,Samuel,Nelson,xsmith@example.net,US,2024-11-26
CUST_00172,Harry,Butler,thomas62@example.com,UK,2026-04-04
CUST_00173,Elaine,Hernandez,awarner@example.net,US,2024-09-09
CUST_00174,Margaret,Pennington,littlemichael@example.com,UK,2025-05-23
CUST_00175,Audrey,Williams,colin97@example.net,US,2025-02-22
CUST_00176,George,Morley,croberts@example.net,UK,2025-06-12
CUST_00177,Suzanne,Daly,vabbott@example.net,US,2026-04-21
CUST_00178,James,Roberts,jeffery42@example.com,UK,2025-10-13
CUST_00179,Tina,Turner,lamsharon@example.com,DE,2025-09-03
CUST_00180,Anna,Lewis,phillipsholly@example.org,UK,2026-08-03
CUST_00181,Sean,Roberts,vwelch@example.net,UK,2025-04-12
CUST_00182,Rita,King,bgoddard@example.com,UK,2026-07-08
CUST_00183,Mark,Stevens,mchen@example.net,DE,2025-11-28
CUST_00184,Christine,Jackson,woodwardjeremy@example.com,DE,2025-01-15
CUST_00185,Joel,Morgan,bevans@example.org,UK,2026-03-12
CUST_00186,Lance,David,shawncollins@example.net,US,2025-12-29
CUST_00187,Elliott,May,rstevens@example.org,DE,2025-04-11
CUST_00188,Samantha,Robertson,tgibson@example.org,US,2026-05-04
CUST_00189,Jeffrey,Morris,david85@example.net,US,2026-01-31
CUST_00190,Daniel,Browning,carolebailey@example.net,UK,2026-08-12
CUST_00191,Joanna,Mitchell,jonesroger@example.org,UK,2026-05-23
CUST_00192,Anne,Rose,barbarashah@example.net,DE,2026-01-11
CUST_00193,Audrey,Owens,myersdale@example.com,DE,2025-09-18
CUST_00194,Elizabeth,Akhtar,ellismarie@example.net,US,2025-03-19
CUST_00195,Desiree,Walker,megan00@example.org,UK,2024-09-10
CUST_00196,Ryan,Johnson,jamesbennett@example.net,UK,2025-09-03
CUST_00197,Gerald,Lloyd,malcolm50@example.net,US,2024-10-05
CUST_00198,Stephen,Foster,jill66@example.com,DE,2026-01-27
CUST_00199,Hugh,Williams,jennifer65@example.org,DE,2024-11-23
CUST_00200,Lucy,Griffiths,clarkeleah@example.com,US,2025-12-29
CUST_00201,Kayla,Morris,yvonne39@example.net,US,2025-07-01
CUST_00202,Chelsea,Marsh,omartinez@example.com,UK,2025-03-24
CUST_00203,Jeffrey,Goodwin,charlottewilliams@example.net,UK,2026-06-01
CUST_00204,Michelle,Smith,melaniekerr@example.com,DE,2025-08-20
CUST_00205,David,Smith,reece60@example.org,US,2026-07-12
CUST_00206,Kyle,Hall,chasegonzalez@example.org,UK,2025-10-22
CUST_00207,Jennifer,Brooks,ohenderson@example.org,UK,2024-09-23
CUST_00208,Allison,Larson,carlcruz@example.com,US,2025-06-02
CUST_00209,Fiona,Martinez,fmiddleton@example.net,UK,2025-12-09
CUST_00210,David,Short,donna12@example.org,UK,2025-06-29
CUST_00211,Cameron,Cook,kirsty07@example.net,US,2024-09-11
CUST_00212,Charles,Sheppard,fullerbenjamin@example.com,US,2025-02-12
CUST_00213,Cameron,Williams,robert01@example.net,US,2024-10-28
CUST_00214,Jessica,Bass,gillrosie@example.com,UK,2025-07-21
CUST_00215,Jennifer,Williams,timothy75@example.org,US,2024-09-28
CUST_00216,Ashley,Davis,reesjames@example.com,UK,2024-10-30
CUST_00217,Katherine,Anderson,ejohnson@example.net,UK,2025-06-05
CUST_00218,Max,Miller,sylviawilson@example.com,US,2025-05-23
CUST_00219,Kelly,Reed,emmarobinson@example.com,US,2025-04-27
CUST_00220,Laura,Gough,robert39@example.org,DE,2026-03-19
CUST_00221,Bethany,Dunn,christineortiz@example.org,US,2025-08-18
CUST_00222,Brian,Gibbs,williekelley@example.org,US,2025-07-24
CUST_00223,Julie,Smith,mschmitt@example.net,UK,2026-08-02
CUST_00224,Charles,Watkins,natalielambert@example.net,UK,2025-02-01
CUST_00225,Albert,Porter,jmoss@example.org,UK,2025-11-09
CUST_00226,William,Durham,lbolton@example.net,UK,2026-03-24
CUST_00227,Gillian,Reed,athompson@example.com,DE,2025-05-28
CUST_00228,Katie,Davies,elizabeth50@example.com,UK,2026-01-20
CUST_00229,Deborah,Gonzalez,eyoung@example.org,DE,2024-10-21
CUST_00230,Christine,Bryan,simoncheryl@example.net,US,2024-12-14
CUST_00231,Gareth,Fitzgerald,jennasmith@example.net,US,2026-07-07
CUST_00232,Yvonne,Wilson,robinthomas@example.org,US,2025-09-13
CUST_00233,Sandra,Green,mandybennett@example.org,US,2026-02-18
CUST_00234,Matthew,Clark,lowejames@example.org,US,2026-04-13
CUST_00235,Patricia,Pugh,joy58@example.net,UK,2025-08-22
CUST_00236,John,Miles,ricardo59@example.com,US,2026-04-25
CUST_00237,Carrie,Dudley,yvonnegutierrez@example.net,UK,2024-08-29
CUST_00238,Beverley,Chandler,collinskieran@example.org,UK,2024-09-13
CUST_00239,Jonathan,Sloan,mpatel@example.net,US,2025-10-07
CUST_00240,Mark,King,margaretday@example.net,UK,2024-12-31
CUST_00241,Ricky,Harper,jeffrey54@example.org,DE,2024-12-07
CUST_00242,Michelle,King,lauraharvey@example.net,DE,2026-01-18
CUST_00243,Jessica,Wall,nicole81@example.net,DE,2026-06-19
CUST_00244,Ana,Mason,psmith@example.net,UK,2024-12-19
CUST_00245,Jason,Weiss,kristinawells@example.com,UK,2025-09-19
CUST_00246,Megan,Naylor,leigh94@example.com,DE,2026-08-07
CUST_00247,Clifford,Gray,isaunders@example.com,US,2025-01-03
CUST_00248,Matthew,Perez,perezrobert@example.org,DE,2024-09-07
CUST_00249,Amber,Lee,derek68@example.net,DE,2025-06-03
CUST_00250,James,Norman,elizabeth03@example.org,DE,2026-08-17
CUST_00251,Denis,Jones,kimkatherine@example.com,UK,2025-05-11
CUST_00252,Rhonda,Baker,barajasanthony@example.com,UK,2025-04-05
CUST_00253,Derek,Johnson,mohameddean@example.net,DE,2025-03-15
CUST_00254,Scott,Rodriguez,ydean@example.com,UK,2025-01-08
CUST_00255,Robert,Johnson,geraldinewilliams@example.org,UK,2024-09-30
CUST_00256,Rebecca,Lewis,ddixon@example.net,US,2025-02-20
CUST_00257,Joshua,Price,ybrown@example.net,DE,2024-08-25
CUST_00258,Joanne,Wall,zthompson@example.com,US,2025-02-07
CUST_00259,Donald,Newton,margaretcooper@example.net,US,2025-12-27
CUST_00260,Joan,Gomez,imurray@example.net,UK,2025-04-14
CUST_00261,Gillian,Simmons,dianamalone@example.com,US,2025-05-24
CUST_00262,Julie,Nash,robinsonduncan@example.net,DE,2026-03-17
CUST_00263,Dawn,Wood,zscott@example.net,UK,2025-10-24
CUST_00264,Angel,Parsons,tammy80@example.net,US,2025-01-13
CUST_00265,Maureen,Murray,nancylucas@example.com,DE,2025-04-12
CUST_00266,Christian,Jones,smithkatie@example.net,US,2025-06-01
CUST_00267,Roy,Newman,jwhite@example.org,US,2024-11-11
CUST_00268,Holly,Barnes,rachelgarcia@example.net,US,2025-12-31
CUST_00269,Tommy,Phillips,sdavies@example.com,UK,2025-05-18
CUST_00270,Donald,Zhang,lyoung@example.com,UK,2025-11-17
CUST_00271,Patrick,Tomlinson,dean42@example.net,DE,2024-10-13
CUST_00272,Alice,Nguyen,oliverreynolds@example.com,DE,2024-10-01
CUST_00273,Anthony,Moore,glen16@example.net,DE,2025-12-22
CUST_00274,Mandy,Dennis,dhouston@example.net,DE,2025-05-10
CUST_00275,Melinda,Morgan,brittney31@example.com,US,2025-08-20
CUST_00276,Donna,Reynolds,derek41@example.com,US,2025-10-16
CUST_00277,Thomas,Potter,helen11@example.com,US,2025-01-01
CUST_00278,Wendy,Fuentes,teresabaker@example.net,US,2026-05-05
CUST_00279,Vanessa,Wilson,esheppard@example.org,US,2025-06-03
CUST_00280,Thomas,Blackwell,qjarvis@example.net,US,2025-03-11
CUST_00281,David,Dunn,kingirene@example.org,DE,2025-07-23
CUST_00282,Chloe,Riley,kerrstewart@example.com,UK,2026-02-02
CUST_00283,John,North,frank12@example.net,UK,2026-03-30
CUST_00284,Sandra,Birch,angela54@example.org,UK,2026-06-15
CUST_00285,Danielle,Nunez,sylviabyrne@example.net,US,2026-08-22
CUST_00286,Bethan,Miller,egarcia@example.org,UK,2024-12-12
CUST_00287,Julia,Lawrence,andreaturner@example.net,US,2025-05-04
CUST_00288,Margaret,White,carlhernandez@example.net,US,2026-04-26
CUST_00289,Regina,Ball,zoethompson@example.com,UK,2025-12-13
CUST_00290,Ethan,Nicholson,jesse05@example.net,US,2025-10-04
CUST_00291,Lisa,Thompson,humphreyssarah@example.net,UK,2025-09-26
CUST_00292,Billy,Garcia,bjackson@example.org,UK,2025-11-21
CUST_00293,Amanda,Trujillo,samantha67@example.org,DE,2025-04-19
CUST_00294,Jacob,Clayton,frank31@example.net,UK,2025-11-24
CUST_00295,Crystal,Walker,kbaker@example.net,UK,2026-06-08
CUST_00296,Mary,Ryan,pfoster@example.org,US,2025-12-07
CUST_00297,Kevin,Combs,allison49@example.net,US,2026-08-23
CUST_00298,Dean,Carrillo,iholt@example.net,UK,2025-12-09
CUST_00299,Luis,Riley,robertsteresa@example.com,US,2025-05-02
CUST_00300,Aaron,Gomez,schmidtdennis@example.net,UK,2026-02-17
CUST_00301,Janet,Morrison,bradleyhussain@example.net,UK,2024-12-28
CUST_00302,Rachael,Lawson,woodcharles@example.com,US,2025-04-13
CUST_00303,Phyllis,Chandler,brennanpaige@example.net,US,2025-11-18
CUST_00304,Pamela,Johnson,rgreenwood@example.org,US,2025-10-05
CUST_00305,Carole,Gill,alexandra15@example.net,US,2025-10-24
CUST_00306,Megan,Ryan,vincent93@example.com,DE,2026-06-19
CUST_00307,Elliot,Schroeder,thomasgavin@example.org,US,2025-10-14
CUST_00308,Christopher,Obrien,lramos@example.com,UK,2025-02-22
CUST_00309,Martyn,Ewing,jacobpatel@example.net,US,2026-07-17
CUST_00310,Stacey,Ramirez,paula86@example.net,UK,2025-10-23
CUST_00311,Jenna,Nicholls,karenpatel@example.org,US,2025-05-18
CUST_00312,Erika,Morales,edwardsshane@example.org,UK,2025-05-27
CUST_00313,Tracy,Green,georgiageorge@example.org,UK,2025-06-28
CUST_00314,Jeremy,Carter,slatercarole@example.net,DE,2025-07-16
CUST_00315,Julie,Hopkins,rjones@example.org,DE,2025-06-04
CUST_00316,Kristen,Rogers,hazeltaylor@example.org,US,2026-01-24
CUST_00317,Abigail,Khan,monicavillanueva@example.org,US,2026-02-13
CUST_00318,Louis,Arroyo,cfrench@example.net,UK,2026-02-26
CUST_00319,Keith,Brown,grace17@example.org,UK,2025-01-04
CUST_00320,Peter,Jennings,mitchellemily@example.net,UK,2026-01-16
CUST_00321,Rosemary,Davis,kenneth94@example.com,US,2025-10-14
CUST_00322,Nicole,Strong,eruiz@example.org,US,2025-05-11
CUST_00323,Charlie,Horton,esmith@example.net,US,2026-05-01
CUST_00324,Susan,Burke,dkelly@example.net,UK,2024-08-30
CUST_00325,Shane,Smith,carly57@example.com,DE,2026-06-27
CUST_00326,Charlene,Dixon,deborahhyde@example.org,US,2025-03-03
CUST_00327,Vanessa,Gilmore,ccole@example.com,US,2026-04-19
CUST_00328,Laura,Jones,zsmith@example.org,US,2025-05-26
CUST_00329,Frank,Powell,zjohnson@example.com,US,2025-09-20
CUST_00330,Sian,Marshall,npowell@example.com,UK,2026-01-16
CUST_00331,Terry,Jones,james73@example.org,UK,2025-01-20
CUST_00332,Rachael,Adams,ikennedy@example.com,US,2026-02-10
CUST_00333,Tiffany,Tate,zhughes@example.com,UK,2026-08-17
CUST_00334,Francesca,Howard,mallen@example.com,UK,2025-11-19
CUST_00335,Jonathan,Murphy,dgomez@example.org,UK,2025-01-13
CUST_00336,David,Krueger,mitchell39@example.net,UK,2025-04-21
CUST_00337,Michael,Perry,farmerkimberly@example.com,DE,2026-03-12
CUST_00338,James,Phillips,jessicamiller@example.com,US,2025-04-04
CUST_00339,Donald,Ferguson,michaelgraham@example.com,US,2026-05-27
CUST_00340,Marie,Brown,longstephen@example.com,UK,2026-07-22
CUST_00341,Nicholas,Simpson,deanna35@example.org,US,2024-10-07
CUST_00342,Bryan,Cooke,bethanyphillips@example.net,US,2025-10-05
CUST_00343,Erik,Grimes,gallaghertoby@example.com,UK,2026-08-16
CUST_00344,Maurice,Jones,lfitzgerald@example.org,US,2025-04-11
CUST_00345,Jennifer,Stewart,wagnerjames@example.net,UK,2025-08-27
CUST_00346,Louis,Mills,oconnorjulia@example.com,US,2024-11-29
CUST_00347,Mary,Smith,amy32@example.net,US,2025-03-26
CUST_00348,Wendy,Tyler,qevans@example.com,UK,2026-02-04
CUST_00349,Yvonne,Todd,rita16@example.org,UK,2025-07-31
CUST_00350,Michelle,Bennett,tracy77@example.com,US,2025-06-01
CUST_00351,Jodie,Reid,john92@example.net,US,2025-05-12
CUST_00352,Bernard,Allen,karlsingh@example.com,DE,2026-06-11
CUST_00353,Brandon,Smith,alipauline@example.net,US,2025-02-20
CUST_00354,Krystal,Bryant,robertsonamanda@example.com,UK,2025-04-09
CUST_00355,Christopher,Parsons,wgallegos@example.com,UK,2026-04-29
CUST_00356,Damien,Bird,janequinn@example.org,US,2026-07-01
CUST_00357,Jorge,Villarreal,garrywilliamson@example.com,UK,2026-05-28
CUST_00358,Timothy,Moore,hadams@example.org,US,2025-03-15
CUST_00359,Heather,Miller,randrews@example.com,DE,2025-05-12
CUST_00360,Anthony,Short,jesse75@example.org,US,2026-05-08
CUST_00361,Amber,Moss,timothythomas@example.org,UK,2026-03-15
CUST_00362,Christopher,Morris,ruthcameron@example.org,US,2024-10-12
CUST_00363,Bradley,Martin,hazelking@example.net,US,2025-12-15
CUST_00364,Joseph,Chapman,naylorann@example.org,US,2026-02-24
CUST_00365,Tony,Trujillo,mathew81@example.net,DE,2026-08-14
CUST_00366,Marie,Lewis,eileenjones@example.com,UK,2025-05-03
CUST_00367,Clare,Glover,angelawilliams@example.net,DE,2025-01-25
CUST_00368,Matthew,Barrett,xwilson@example.org,DE,2025-01-18
CUST_00369,Julia,Dyer,lgregory@example.com,UK,2026-07-31
CUST_00370,Billy,Mccall,mariethomas@example.net,UK,2025-01-17
CUST_00371,Audrey,Klein,cooleymelissa@example.com,UK,2026-03-07
CUST_00372,Amanda,Goodwin,hstrong@example.com,UK,2025-10-30
CUST_00373,Leonard,Roberts,mohamed39@example.com,UK,2024-09-20
CUST_00374,Robyn,Nguyen,djohnson@example.org,US,2026-02-24
CUST_00375,Scott,Brown,samuelyoung@example.net,UK,2025-10-16
CUST_00376,Marion,Stone,humphreyskarl@example.com,UK,2026-04-06
CUST_00377,Roger,Hunt,hailey60@example.org,DE,2026-02-16
CUST_00378,Lewis,Jones,steven05@example.org,UK,2025-11-05
CUST_00379,Kim,Brown,spineda@example.com,DE,2025-06-19
CUST_00380,Stewart,Smith,mitchellashley@example.com,UK,2026-04-01
CUST_00381,Marcus,Lawson,larry77@example.net,UK,2025-11-18
CUST_00382,Paul,Scott,dthomas@example.org,US,2026-08-20
CUST_00383,Jill,Garcia,ljohnson@example.com,US,2025-03-24
CUST_00384,Brittany,Martin,tharris@example.org,DE,2026-02-13
CUST_00385,Brenda,Andrews,sandymiranda@example.com,US,2025-06-02
CUST_00386,Kayla,Bernard,frenchmarcus@example.net,DE,2026-02-27
CUST_00387,Tina,Jackson,melissaadams@example.com,UK,2026-04-21
CUST_00388,Dylan,Harrison,brian97@example.net,UK,2024-12-11
CUST_00389,Suzanne,Bowen,alice70@example.net,US,2026-04-21
CUST_00390,Mark,Douglas,bernard04@example.net,DE,2025-03-16
CUST_00391,Scott,Mayo,emma90@example.org,DE,2025-11-02
CUST_00392,Daniel,Miller,scottlee@example.org,US,2024-12-22
CUST_00393,Arthur,Silva,heatherlopez@example.net,UK,2024-10-23
CUST_00394,Michelle,Waters,brandiboyd@example.net,US,2025-08-08
CUST_00395,Emma,Davies,ibutler@example.com,UK,2025-09-24
CUST_00396,Robert,O'Neill,samuelshepherd@example.org,DE,2025-11-05
CUST_00397,Ronald,Spencer,jean98@example.org,DE,2026-07-21
CUST_00398,Tina,Godfrey,jamesbowman@example.com,US,2025-11-11
CUST_00399,Robert,Porter,rstephens@example.net,US,2025-02-09
CUST_00400,Pamela,Sosa,flemingcharlie@example.net,US,2025-07-18
CUST_00401,Jonathan,Ryan,zmcdowell@example.net,UK,2025-01-06
CUST_00402,Ashley,Aguilar,mary59@example.org,DE,2026-02-15
CUST_00403,John,Morgan,mschneider@example.org,US,2025-09-22
CUST_00404,Michelle,Wright,annaanderson@example.org,DE,2025-06-24
CUST_00405,William,Warner,hernandezpatrick@example.net,UK,2026-07-04
CUST_00406,Alvin,Booth,rhawkins@example.org,DE,2024-12-13
CUST_00407,Marilyn,Benson,yallen@example.org,UK,2026-01-08
CUST_00408,Charles,Carrillo,carole65@example.org,UK,2025-09-02
CUST_00409,Declan,Smith,thomasholt@example.net,DE,2026-06-27
CUST_00410,Eric,Jenkins,shannonwest@example.org,UK,2026-01-15
CUST_00411,David,Farrell,onealmark@example.org,UK,2026-05-04
CUST_00412,Yvonne,Cox,hannah15@example.net,DE,2024-11-27
CUST_00413,Holly,Petersen,olivia50@example.org,DE,2026-01-25
CUST_00414,Johnny,Boone,paynemckenzie@example.org,US,2024-11-27
CUST_00415,Geoffrey,Farley,brittany83@example.com,US,2025-05-27
CUST_00416,Leon,Lloyd,donaldhorne@example.org,US,2024-09-29
CUST_00417,Peter,Baker,gerardwatson@example.net,UK,2025-01-10
CUST_00418,Sharon,Shepherd,gboyd@example.org,UK,2025-02-03
CUST_00419,Nathan,Daniels,eball@example.org,US,2025-12-19
CUST_00420,Paula,Hughes,clairesanders@example.com,US,2025-08-24
CUST_00421,Chelsea,Maxwell,shawkenneth@example.net,US,2025-05-20
CUST_00422,Rita,Morris,eddie97@example.net,US,2026-01-23
CUST_00423,Elliott,Lozano,kenneth78@example.org,UK,2025-09-23
CUST_00424,Samantha,Talbot,bradylaura@example.net,US,2025-03-10
CUST_00425,Hayley,Fox,aallen@example.net,UK,2026-07-05
CUST_00426,Clare,Hart,keithperez@example.net,US,2026-03-05
CUST_00427,Jonathan,Thompson,qcraig@example.org,US,2025-07-07
CUST_00428,Michael,Garcia,williamsrussell@example.org,DE,2025-09-18
CUST_00429,Nicole,Sutton,astevens@example.com,UK,2025-12-16
CUST_00430,Jennifer,Bird,owalsh@example.org,UK,2025-07-12
CUST_00431,Liam,Bennett,ihargreaves@example.net,UK,2025-10-07
CUST_00432,Leigh,Evans,katieknight@example.net,US,2026-06-07
CUST_00433,Connor,Bennett,martinricky@example.com,US,2026-07-18
CUST_00434,Carla,Wood,zguerrero@example.org,UK,2024-11-07
CUST_00435,Selena,Reilly,jonathanhall@example.org,UK,2026-06-12
CUST_00436,Frank,Thompson,owensjulie@example.net,US,2026-05-05
CUST_00437,Stanley,Stephens,katie54@example.net,UK,2025-12-05
CUST_00438,James,Gilbert,andrea71@example.org,DE,2025-11-17
CUST_00439,Stacey,Dixon,yfoster@example.com,US,2025-12-02
CUST_00440,Tracy,Lamb,williamsjay@example.net,UK,2024-10-25
CUST_00441,Victoria,Miller,lcooke@example.org,UK,2025-08-16
CUST_00442,Charlie,Morgan,courtney37@example.org,DE,2026-06-23
CUST_00443,Janet,Hogan,andrea45@example.com,UK,2026-07-12
CUST_00444,Diane,Turner,fday@example.net,UK,2026-01-08
CUST_00445,Amber,Thornton,aaronbennett@example.net,DE,2026-04-08
CUST_00446,Abdul,Rivers,samanthaduffy@example.org,DE,2026-02-02
CUST_00447,Matthew,Powell,erinbutler@example.org,DE,2025-06-09
CUST_00448,Charlotte,Lee,mandy53@example.net,US,2026-08-07
CUST_00449,Diana,Patrick,ydixon@example.org,UK,2025-02-27
CUST_00450,Ashley,Marshall,davidwatkins@example.org,UK,2025-06-08
CUST_00451,Luke,Edwards,kathleenroberts@example.org,US,2025-05-18
CUST_00452,Jeffrey,Garcia,donnaperry@example.net,US,2026-02-02
CUST_00453,Leonard,Hall,mcooper@example.net,US,2025-01-30
CUST_00454,Kelly,Ramsey,donalddickerson@example.org,DE,2025-08-15
CUST_00455,Gary,Hinton,longchristopher@example.org,UK,2024-10-31
CUST_00456,Jeremy,Ramirez,smithlisa@example.org,US,2025-08-18
CUST_00457,Michelle,Miller,robin61@example.org,UK,2025-11-07
CUST_00458,Garry,Green,hpalmer@example.net,US,2026-03-28
CUST_00459,Julie,Lee,sconrad@example.net,UK,2025-03-17
CUST_00460,Chad,Edwards,michaelkrause@example.com,UK,2024-11-07
CUST_00461,Carolyn,Patel,jacquelineadams@example.com,UK,2025-03-05
CUST_00462,Christopher,Adams,dennisbell@example.com,US,2026-07-23
CUST_00463,Marion,Elliott,lyndaashton@example.org,US,2026-02-22
CUST_00464,Lorraine,Baldwin,mooremichele@example.com,US,2024-08-28
CUST_00465,Beth,Castillo,james61@example.com,DE,2026-02-18
CUST_00466,Grace,Ryan,sanderskayla@example.net,UK,2025-04-07
CUST_00467,Colin,Jones,williamsclive@example.org,UK,2025-06-09
CUST_00468,Maria,Leach,sclements@example.com,DE,2026-08-02
CUST_00469,Christopher,Thomas,sean17@example.com,UK,2025-05-20
CUST_00470,Jeremy,Graves,wcross@example.org,DE,2025-01-10
CUST_00471,Richard,Bates,lisa68@example.com,UK,2024-10-05
CUST_00472,Michael,Nelson,paulineholland@example.com,DE,2026-04-26
CUST_00473,Jenny,Lambert,bstevenson@example.net,UK,2024-11-24
CUST_00474,Leanne,Reynolds,barnessara@example.org,DE,2025-08-02
CUST_00475,Darlene,Bailey,jennifermiles@example.org,US,2025-02-10
CUST_00476,Cody,Rivera,nbarrera@example.net,DE,2025-06-17
CUST_00477,Leonard,Ewing,tinaprice@example.com,UK,2026-04-27
CUST_00478,Natalie,Nichols,haley52@example.org,US,2025-04-07
CUST_00479,Ashley,Reed,denise34@example.org,DE,2025-01-03
CUST_00480,Leanne,Patel,christian59@example.net,US,2026-04-01
CUST_00481,Lawrence,Smith,liamhunter@example.net,US,2025-10-20
CUST_00482,Greg,Ward,hhernandez@example.com,US,2026-08-21
CUST_00483,Benjamin,Phillips,charles67@example.com,US,2026-01-08
CUST_00484,Leah,O'Donnell,russell11@example.org,US,2026-05-20
CUST_00485,Timothy,Holloway,robin49@example.org,US,2026-05-31
CUST_00486,Diana,Harrison,cassandra15@example.net,DE,2026-02-25
CUST_00487,Greg,Wood,mjackson@example.com,UK,2026-03-05
CUST_00488,Robert,Garner,sburke@example.com,UK,2024-10-02
CUST_00489,Timothy,Garcia,nmartin@example.com,DE,2026-06-19
CUST_00490,Brandon,Navarro,lebrian@example.org,DE,2026-02-24
CUST_00491,Karen,Taylor,omellor@example.net,US,2026-05-31
CUST_00492,William,Lee,rphillips@example.net,US,2026-03-31
CUST_00493,Lynda,Daly,paulinehill@example.net,UK,2026-07-22
CUST_00494,Brian,Walker,erinbuckley@example.com,UK,2025-11-03
CUST_00495,Amelia,Bentley,levinethomas@example.net,US,2026-04-18
CUST_00496,Paige,Davies,lori99@example.org,UK,2025-09-08
CUST_00497,Gillian,Williams,andrew60@example.org,US,2025-12-20
CUST_00498,Geraldine,Young,fisherpamela@example.com,UK,2026-01-02
CUST_00499,Megan,Gould,smithstephanie@example.com,DE,2024-09-23
CUST_00500,James,Bartlett,umiller@example.com,DE,2026-01-29
CUST_00501,Christian,Harper,browngeorgia@example.org,US,2025-02-10
CUST_00502,Cindy,Martin,garellano@example.com,US,2024-12-05
CUST_00503,Megan,Fletcher,kelly87@example.com,UK,2025-08-30
CUST_00504,Thomas,Wilson,bateshoward@example.net,DE,2024-11-01
CUST_00505,Amber,Hinton,brussell@example.com,US,2026-04-05
CUST_00506,Natasha,Brewer,pricebruce@example.org,UK,2025-10-02
CUST_00507,Jayne,Green,curtisshirley@example.com,DE,2026-03-29
CUST_00508,Mason,Adams,yhill@example.com,DE,2025-06-14
CUST_00509,Russell,Burton,jeffrey68@example.com,DE,2025-11-20
CUST_00510,Robert,White,fholland@example.net,US,2025-02-23
CUST_00511,Ariel,Cross,ryan43@example.com,US,2025-03-27
CUST_00512,Terrence,Lambert,iain21@example.com,US,2024-11-25
CUST_00513,Brian,Jackson,ifletcher@example.org,DE,2024-08-25
CUST_00514,Mary,Anderson,conniewilson@example.net,DE,2026-01-04
CUST_00515,Graham,Moody,sarahphillips@example.org,UK,2024-09-07
CUST_00516,Donna,Cooper,brucelopez@example.org,UK,2026-01-09
CUST_00517,Nicole,Miles,andrecooke@example.net,UK,2026-08-20
CUST_00518,Cassandra,Hanson,fgray@example.net,DE,2025-03-15
CUST_00519,William,Robertson,jeffery58@example.org,DE,2026-02-01
CUST_00520,David,Jones,ybaker@example.org,UK,2025-07-02
CUST_00521,Tammy,Gonzales,holliewalker@example.org,US,2026-03-19
CUST_00522,Joshua,Dennis,davissally@example.com,UK,2024-09-17
CUST_00523,Sian,Edwards,smithkeith@example.com,DE,2024-12-27
CUST_00524,Kerry,Wilson,jonescharles@example.com,DE,2025-04-03
CUST_00525,Timothy,Dorsey,smithhelen@example.org,DE,2025-03-07
CUST_00526,Hazel,Green,davidwheeler@example.com,US,2026-06-08
CUST_00527,Kimberley,Mendoza,mortonvictoria@example.com,US,2026-06-11
CUST_00528,Alan,Smith,cassandradiaz@example.com,UK,2026-01-12
CUST_00529,Mohammed,Weaver,moseskevin@example.net,UK,2025-01-05
CUST_00530,Mary,Hancock,webstermichael@example.net,DE,2025-06-03
CUST_00531,Nicholas,Howells,littlevictoria@example.net,DE,2026-06-06
CUST_00532,Colin,Bell,whudson@example.net,DE,2025-06-27
CUST_00533,Claire,Thomas,richardslynda@example.org,DE,2025-10-25
CUST_00534,Beverley,Hernandez,clarkealexandra@example.com,US,2026-06-18
CUST_00535,Jordan,Hudson,brownshirley@example.com,US,2024-12-12
CUST_00536,Kimberly,Harris,gareth78@example.com,DE,2025-02-21
CUST_00537,Laura,Bradshaw,gyoung@example.com,DE,2025-09-18
CUST_00538,Jake,Farley,joannathomson@example.org,UK,2024-12-09
CUST_00539,Allan,Smith,kellyerickson@example.com,US,2025-05-04
CUST_00540,Ricardo,Donaldson,mandy78@example.org,UK,2026-08-22
CUST_00541,Carol,Warner,reedkylie@example.com,DE,2025-04-19
CUST_00542,Timothy,Davies,thompsonjacqueline@example.com,US,2025-04-15
CUST_00543,Andrew,Henry,mohammedhoward@example.net,UK,2026-04-17
CUST_00544,Danielle,Edwards,christinemurray@example.net,US,2024-12-20
CUST_00545,Christy,Lewis,fkent@example.org,US,2025-10-14
CUST_00546,Arthur,Anderson,watkinsmichael@example.org,UK,2025-03-20
CUST_00547,Stacy,Johnson,hallguy@example.org,UK,2025-05-24
CUST_00548,Mitchell,Gray,samanthapayne@example.com,US,2026-03-24
CUST_00549,Amanda,Brown,swatts@example.org,US,2025-08-19
CUST_00550,Alexandra,Davidson,obrienarthur@example.org,US,2026-01-27
CUST_00551,Wanda,Davis,brittney22@example.net,US,2025-12-25
CUST_00552,Edward,Harper,thomaslucas@example.org,DE,2025-11-13
CUST_00553,Kyle,Jennings,holmessamuel@example.com,US,2025-06-08
CUST_00554,Teresa,Wright,teresa09@example.com,US,2026-01-18
CUST_00555,Richard,Salazar,alexander82@example.org,DE,2026-08-08
CUST_00556,Stanley,Williams,vanessa65@example.com,US,2024-12-27
CUST_00557,Emma,Durham,bkirk@example.com,UK,2026-03-07
CUST_00558,Janice,Smith,yvonnemorris@example.com,UK,2024-10-11
CUST_00559,Jamie,Burton,margaret58@example.org,US,2024-10-22
CUST_00560,Nicole,Sheppard,rachel35@example.org,US,2026-02-10
CUST_00561,Erik,Hall,sandrakelly@example.com,US,2025-12-27
CUST_00562,Benjamin,Smith,nicole53@example.org,UK,2025-04-18
CUST_00563,Barbara,Smith,thomasrobert@example.com,UK,2024-09-04
CUST_00564,Louise,Miller,nathanwiley@example.com,UK,2026-03-09
CUST_00565,Kayla,Williams,brandon05@example.org,UK,2025-01-23
CUST_00566,Barry,Smith,veronica09@example.org,US,2025-03-10
CUST_00567,Amanda,Williams,wheeleraaron@example.net,UK,2025-03-02
CUST_00568,John,Robinson,tina70@example.org,US,2025-03-09
CUST_00569,June,Bishop,fredericklawrence@example.org,DE,2025-11-11
CUST_00570,Robert,Alexander,wileykristin@example.org,UK,2025-09-21
CUST_00571,Brian,Hodge,christopher66@example.org,US,2024-11-29
CUST_00572,Shawn,Gallagher,vdavis@example.net,US,2024-11-18
CUST_00573,Melanie,Stewart,wpritchard@example.com,UK,2026-01-02
CUST_00574,Tina,Sweeney,thomasabdul@example.com,US,2026-04-12
CUST_00575,Geoffrey,Cooper,kingalexandra@example.com,DE,2026-01-26
CUST_00576,Robert,Bird,johnestes@example.com,DE,2025-04-20
CUST_00577,Donald,Jones,janetharrison@example.net,UK,2025-06-22
CUST_00578,Mandy,Le,yateskaty@example.com,DE,2024-12-27
CUST_00579,Jerry,Robinson,michaelphillips@example.com,US,2025-02-21
CUST_00580,Lorraine,Sanchez,jake70@example.net,UK,2024-09-23
CUST_00581,Bethany,Sampson,john95@example.org,US,2026-04-11
CUST_00582,Maria,Mcbride,ameliamoore@example.com,DE,2025-07-18
CUST_00583,Susan,Walker,gardinerduncan@example.com,US,2024-10-09
CUST_00584,Jill,Walsh,rossmoran@example.org,UK,2025-07-10
CUST_00585,Eric,Ayers,aaronphillips@example.org,US,2025-07-10
CUST_00586,Anna,Morton,jessica67@example.net,UK,2024-08-27
CUST_00587,Matthew,Hernandez,cantrellsophia@example.net,UK,2025-12-01
CUST_00588,Yvonne,Simmons,bethany85@example.org,UK,2024-11-12
CUST_00589,Henry,Roberts,dicksonjason@example.com,UK,2026-03-27
CUST_00590,James,Patel,wadetroy@example.com,UK,2026-07-25
CUST_00591,Jennifer,Davies,deanmorris@example.net,UK,2025-01-09
CUST_00592,Sonya,Jackson,pricealicia@example.net,US,2026-03-23
CUST_00593,Gareth,Clements,cshaw@example.com,UK,2024-10-19
CUST_00594,Rodney,Robinson,samantha13@example.com,UK,2026-05-10
CUST_00595,Leon,Jones,heatherdavila@example.com,DE,2025-06-27
CUST_00596,Kelli,Stone,nicholasfoster@example.com,US,2026-04-23
CUST_00597,Victor,Taylor,thopkins@example.com,US,2025-05-29
CUST_00598,Doris,Vargas,esmith@example.org,UK,2025-08-08
CUST_00599,Dorothy,Campbell,ucarpenter@example.org,UK,2024-11-25
CUST_00600,Benjamin,Hicks,douglas54@example.net,UK,2024-10-14
CUST_00601,Matthew,George,briggscharlotte@example.com,UK,2025-01-11
CUST_00602,Candace,Moore,kward@example.net,UK,2025-01-20
CUST_00603,Glenn,Banks,grantstewart@example.com,UK,2025-10-24
CUST_00604,Timothy,Allen,mday@example.com,UK,2026-03-19
CUST_00605,William,Burton,dgreen@example.net,UK,2026-01-21
CUST_00606,Angela,Thomas,cynthiasmith@example.net,US,2026-02-09
CUST_00607,Kim,Simpson,dennis73@example.net,UK,2026-06-06
CUST_00608,Gerald,Rivera,dward@example.com,UK,2026-05-17
CUST_00609,Darryl,Roberts,ugibson@example.com,US,2025-03-08
CUST_00610,Joel,Fowler,ahill@example.net,US,2026-02-27
CUST_00611,William,Davis,sophiamiller@example.com,UK,2024-11-05
CUST_00612,Kim,Hall,lindsey44@example.net,US,2026-03-11
CUST_00613,Jennifer,Ahmed,rwarner@example.com,US,2025-07-09
CUST_00614,Nicola,Dickinson,fwalsh@example.org,UK,2025-01-17
CUST_00615,Joyce,Melton,brendarodriguez@example.net,DE,2025-08-29
CUST_00616,Katherine,Brown,vallen@example.org,DE,2025-04-07
CUST_00617,Glenn,Brewer,hudsonkerry@example.org,UK,2025-08-01
CUST_00618,Jacqueline,Elliott,ryan72@example.com,UK,2026-07-29
CUST_00619,Antonio,Steele,stewartanthony@example.com,DE,2025-08-03
CUST_00620,Michelle,Williams,zcampbell@example.com,US,2025-11-14
CUST_00621,John,Barnes,jeangrant@example.net,UK,2026-07-21
CUST_00622,John,Roberson,cesparza@example.com,UK,2026-01-21
CUST_00623,John,Oliver,muellercourtney@example.org,UK,2025-03-14
CUST_00624,Kristi,Morgan,yvonne44@example.com,US,2025-07-08
CUST_00625,Monique,Jennings,melissaharrison@example.org,US,2025-10-16
CUST_00626,Peter,Newton,dmorton@example.com,UK,2026-02-13
CUST_00627,Troy,Smith,dawnmason@example.com,US,2026-04-23
CUST_00628,Karen,Williams,debra25@example.org,US,2025-03-23
CUST_00629,Joe,Smith,jacksonjoseph@example.com,UK,2025-12-30
CUST_00630,Kerry,Rodriguez,milesandrew@example.com,UK,2025-01-07
CUST_00631,Dwayne,Vaughn,wanglori@example.net,US,2025-12-16
CUST_00632,Pamela,Harrison,griffithsmohammad@example.com,DE,2025-12-31
CUST_00633,David,McKenzie,omorgan@example.com,US,2024-09-28
CUST_00634,Reece,Morales,ellie58@example.net,US,2024-09-07
CUST_00635,Heather,Hall,connollyconor@example.net,UK,2025-06-13
CUST_00636,Roy,Lewis,dbrown@example.net,US,2025-01-20
CUST_00637,Bernard,Buckley,hday@example.org,US,2025-04-04
CUST_00638,Iain,Lee,ruth33@example.com,UK,2026-05-23
CUST_00639,Debra,Anthony,joyce56@example.org,UK,2026-01-09
CUST_00640,Danny,Gross,smithdonna@example.net,UK,2026-04-30
CUST_00641,Carla,Hansen,jennifer98@example.org,UK,2025-10-20
CUST_00642,Laura,Miller,mary91@example.com,UK,2025-05-22
CUST_00643,Todd,Hayes,eharris@example.org,UK,2026-06-19
CUST_00644,Dawn,Harrison,cookdon@example.net,UK,2024-11-19
CUST_00645,Dylan,Bradley,esparks@example.com,UK,2026-04-20
CUST_00646,Georgia,Sanchez,ahart@example.org,DE,2025-04-14
CUST_00647,James,Griffin,mcleanmathew@example.com,US,2025-10-06
CUST_00648,Gregory,Gordon,michaelbarber@example.net,US,2025-08-12
CUST_00649,Dylan,Christensen,thomas70@example.net,US,2026-03-12
CUST_00650,Janet,Crosby,rosie41@example.com,US,2026-01-10
CUST_00651,Rebecca,Wang,jenningsdouglas@example.org,UK,2024-11-09
CUST_00652,Eric,King,joanne06@example.org,US,2026-06-05
CUST_00653,Elizabeth,Murray,antonio85@example.net,US,2025-06-07
CUST_00654,Harry,Grant,ben70@example.org,US,2026-01-25
CUST_00655,Reece,Peters,stewartschofield@example.com,US,2024-09-22
CUST_00656,Jamie,Massey,rknight@example.com,UK,2026-01-28
CUST_00657,Keith,Gonzalez,jaythompson@example.net,UK,2025-02-25
CUST_00658,Justin,Pierce,owenwalker@example.net,UK,2025-10-07
CUST_00659,Arthur,Johnson,alyssa18@example.org,US,2025-06-27
CUST_00660,Adam,Richards,lambregina@example.com,US,2025-12-11
CUST_00661,Megan,Cook,lowenigel@example.com,UK,2026-03-31
CUST_00662,Vincent,Pollard,reecejackson@example.net,DE,2026-03-24
CUST_00663,Annette,Fox,holtbryan@example.com,US,2025-04-14
CUST_00664,Katie,Park,fjennings@example.com,UK,2026-07-17
CUST_00665,Nathan,Scott,jade54@example.org,UK,2025-11-03
CUST_00666,Frank,Manning,pperez@example.org,UK,2024-12-04
CUST_00667,Dylan,Savage,usutton@example.com,UK,2026-02-13
CUST_00668,Melissa,Osborne,qpope@example.com,UK,2025-05-14
CUST_00669,Richard,Johnson,eclark@example.org,UK,2026-04-01
CUST_00670,Alice,Byrd,hilarythomas@example.com,UK,2025-11-04
CUST_00671,Linda,Fletcher,julia24@example.org,UK,2025-04-21
CUST_00672,Amy,Brown,millerjesse@example.org,DE,2026-03-21
CUST_00673,Leslie,Patterson,richard74@example.org,UK,2025-08-12
CUST_00674,Raymond,Thomas,pglover@example.com,US,2025-01-15
CUST_00675,Jamie,Dunn,mark72@example.net,US,2025-06-23
CUST_00676,Katherine,Richardson,kirsty12@example.net,DE,2026-04-04
CUST_00677,Eleanor,Gomez,jeffrey19@example.org,UK,2025-04-23
CUST_00678,Carolyn,Ross,vadams@example.com,UK,2024-11-04
CUST_00679,Nancy,Anderson,caleb08@example.org,DE,2025-09-22
CUST_00680,Beth,Dorsey,ksullivan@example.com,DE,2026-03-20
CUST_00681,Brenda,Lewis,georginawade@example.com,DE,2026-05-07
CUST_00682,Amanda,Rice,sandersmichael@example.net,UK,2026-05-25
CUST_00683,Abigail,Shelton,smithphillip@example.net,UK,2026-04-28
CUST_00684,Stewart,Petersen,jamesbeth@example.com,US,2026-04-12
CUST_00685,Mitchell,Kline,rpayne@example.org,DE,2024-12-31
CUST_00686,Denise,Woods,judithnicholls@example.com,US,2026-06-28
CUST_00687,Linda,Thomas,lford@example.net,US,2025-05-31
CUST_00688,Terry,Shepherd,sjohnson@example.org,UK,2024-12-03
CUST_00689,Kirsty,Webster,freemandamian@example.com,US,2026-01-16
CUST_00690,Gemma,Barker,uosborne@example.org,UK,2026-07-06
CUST_00691,Vincent,Mclaughlin,jbrown@example.org,UK,2025-09-01
CUST_00692,Maurice,Knight,elliotttroy@example.com,US,2025-06-02
CUST_00693,Derek,Scott,madison07@example.org,US,2025-12-12
CUST_00694,Graham,Moore,watkinscharles@example.net,UK,2024-09-25
CUST_00695,Wendy,Davies,ybrown@example.com,UK,2024-12-12
CUST_00696,Matthew,Peterson,lisa94@example.com,US,2025-08-17
CUST_00697,Gina,Shaw,zsmith@example.net,UK,2026-05-23
CUST_00698,Shannon,Lewis,amber09@example.net,US,2026-01-02
CUST_00699,Joanna,Bryant,andersonroger@example.org,UK,2026-02-02
CUST_00700,Kimberley,Carr,nsmith@example.org,US,2025-08-12
CUST_00701,Ben,Dunn,vsmith@example.com,US,2025-05-21
CUST_00702,Martha,Vance,stephanie99@example.com,UK,2025-03-28
CUST_00703,Alex,Hughes,william49@example.com,UK,2025-03-26
CUST_00704,Brenda,Strickland,pmiller@example.net,UK,2026-01-06
CUST_00705,Lesley,Walker,tinafox@example.net,UK,2025-08-18
CUST_00706,John,Holmes,thompsonronald@example.net,DE,2024-09-17
CUST_00707,Megan,King,lordannette@example.com,UK,2025-08-17
CUST_00708,Sian,Rose,hoffmandavid@example.org,DE,2025-01-07
CUST_00709,Gordon,Lord,danielle10@example.org,UK,2025-12-01
CUST_00710,Julie,Rubio,patriciagilmore@example.com,US,2025-05-25
CUST_00711,Jennifer,McDonald,kellymegan@example.com,US,2025-10-10
CUST_00712,Rebecca,Pearce,fjones@example.com,US,2026-07-04
CUST_00713,Anna,Jackson,jonesjonathan@example.org,US,2025-07-12
CUST_00714,Joseph,Hall,brendadickinson@example.net,US,2025-08-17
CUST_00715,Charles,Gray,mohammed89@example.com,UK,2026-08-06
CUST_00716,Melissa,Holmes,ojohnson@example.org,DE,2024-11-13
CUST_00717,Stewart,Parker,rosemarygraham@example.net,DE,2025-11-11
CUST_00718,Debra,Thomson,robinsonreece@example.net,DE,2026-07-09
CUST_00719,Stephanie,Lamb,sallygriffin@example.net,UK,2024-09-21
CUST_00720,Carmen,Hopkins,johncurtis@example.com,US,2025-10-13
CUST_00721,Kaitlin,Smith,rogersjustin@example.org,DE,2025-05-10
CUST_00722,Shannon,Brooks,douglasbrown@example.net,UK,2025-07-09
CUST_00723,Nathan,Bell,hunttamara@example.net,UK,2025-12-09
CUST_00724,Susan,Kelly,thomasholly@example.com,US,2025-10-27
CUST_00725,Daniel,Kaur,jeffrey17@example.org,US,2025-06-16
CUST_00726,Nicole,Simpson,whitewillie@example.org,DE,2024-12-27
CUST_00727,Naomi,Matthews,joannaallison@example.org,UK,2026-04-14
CUST_00728,Terry,Roth,higginslynne@example.com,US,2026-05-26
CUST_00729,Ian,Jackson,wilkinsdennis@example.com,UK,2024-12-10
CUST_00730,Kathleen,Williams,lozanojessica@example.org,UK,2025-11-21
CUST_00731,Karl,Brady,barbarasmith@example.org,UK,2026-02-17
CUST_00732,Matthew,Shields,henry17@example.org,DE,2025-05-29
CUST_00733,Duncan,Rodriguez,william25@example.com,US,2024-12-22
CUST_00734,Robert,Crawford,gregory88@example.org,US,2025-06-02
CUST_00735,Trevor,Adams,andersonelizabeth@example.com,UK,2024-08-31
CUST_00736,Holly,Campos,lli@example.com,DE,2025-11-16
CUST_00737,Diana,Strickland,bradleybrenda@example.net,UK,2026-01-11
CUST_00738,Vanessa,Edwards,obright@example.org,DE,2026-06-19
CUST_00739,Elizabeth,Gutierrez,emilyvalencia@example.org,US,2025-07-16
CUST_00740,Denise,Thompson,cmyers@example.net,UK,2024-12-22
CUST_00741,Vincent,Hopkins,fionawhite@example.net,US,2024-11-17
CUST_00742,Darren,Adkins,valentineandrew@example.net,UK,2025-04-03
CUST_00743,Douglas,Gray,vtaylor@example.net,US,2025-01-05
CUST_00744,Sharon,Larson,anthonyyork@example.net,US,2026-04-19
CUST_00745,Joshua,Gill,diana68@example.com,UK,2025-04-04
CUST_00746,Sara,Clarke,ashlee23@example.com,DE,2025-09-23
CUST_00747,Bobby,Wood,ehunt@example.com,UK,2025-09-29
CUST_00748,Mathew,Slater,jonessophie@example.com,US,2025-10-18
CUST_00749,David,Watson,romeroclaudia@example.net,DE,2026-06-15
CUST_00750,Terry,Pearson,scottcurtis@example.net,US,2025-06-14
CUST_00751,Roy,Hartman,margaret61@example.org,UK,2026-01-01
CUST_00752,Rosemary,Stevenson,roger62@example.org,DE,2025-10-26
CUST_00753,Carol,Collins,leroy77@example.com,US,2024-09-16
CUST_00754,Maria,Rice,naomithomas@example.com,UK,2026-05-03
CUST_00755,Andrea,Harrison,denis69@example.com,UK,2026-03-07
CUST_00756,Brittany,Walker,simpsonsian@example.org,US,2024-12-13
CUST_00757,Joshua,Conway,martinezlisa@example.com,US,2025-12-25
CUST_00758,Laura,Johnson,mark09@example.org,US,2025-04-08
CUST_00759,Antony,Thomas,leetracy@example.net,DE,2025-03-22
CUST_00760,Leah,Sexton,larrybutler@example.com,US,2024-08-27
CUST_00761,William,Thompson,hugheselaine@example.org,UK,2026-03-13
CUST_00762,Emily,Stephens,abbie61@example.net,UK,2026-04-17
CUST_00763,Sandra,Franklin,angela52@example.net,UK,2026-07-11
CUST_00764,Jill,Robinson,thomas25@example.com,US,2026-08-10
CUST_00765,Robert,Malone,johnsonzoe@example.org,UK,2025-12-24
CUST_00766,Stephanie,Hodgson,patricia92@example.org,US,2025-07-01
CUST_00767,Vincent,Watkins,epearce@example.net,US,2026-04-20
CUST_00768,Dana,Chavez,obecker@example.net,DE,2026-03-14
CUST_00769,Jennifer,Best,michael49@example.org,UK,2026-05-30
CUST_00770,William,Benson,morleyfrank@example.net,DE,2026-08-24
CUST_00771,Nancy,Wood,kathryn01@example.net,UK,2025-06-19
CUST_00772,Brian,Moran,nwilliamson@example.net,DE,2025-06-04
CUST_00773,Jason,Jones,nguyenteresa@example.net,UK,2025-05-25
CUST_00774,Lindsey,Lane,ashley99@example.org,UK,2024-11-27
CUST_00775,Tracy,Roberts,wsteele@example.org,US,2026-02-19
CUST_00776,Maureen,Armstrong,thendricks@example.org,UK,2025-07-19
CUST_00777,Andrew,Shepherd,mosesdavid@example.org,UK,2025-07-19
CUST_00778,Tamara,Freeman,ptucker@example.net,US,2025-03-11
CUST_00779,Colin,Lee,rosiefoster@example.net,US,2024-12-13
CUST_00780,Ben,Goddard,zachary24@example.org,US,2025-08-20
CUST_00781,Kenneth,Harrison,silvajennifer@example.net,US,2025-01-23
CUST_00782,William,Hopkins,rebecca21@example.com,US,2024-10-02
CUST_00783,Amanda,Wong,coxdanielle@example.net,UK,2026-03-16
CUST_00784,Maria,Reynolds,timothy72@example.com,UK,2024-10-20
CUST_00785,James,Carter,brownnicole@example.net,UK,2025-12-22
CUST_00786,Damien,Cartwright,ashleywong@example.com,DE,2025-11-14
CUST_00787,Steven,Duffy,hansenann@example.com,US,2025-01-01
CUST_00788,Deanna,Jones,edward09@example.net,US,2026-08-08
CUST_00789,Robin,Fisher,angelarichardson@example.com,US,2025-06-12
CUST_00790,Christopher,Hayward,kcross@example.com,DE,2025-08-14
CUST_00791,Kathryn,Mayo,robertsnatalie@example.org,UK,2025-10-15
CUST_00792,Laurie,Price,jay08@example.com,US,2026-03-07
CUST_00793,Tricia,Sinclair,matthew40@example.org,US,2026-05-31
CUST_00794,Charles,Hughes,lwells@example.net,US,2025-04-06
CUST_00795,Nicole,Fitzgerald,ndelgado@example.com,UK,2025-01-18
CUST_00796,Carole,Nicholson,gordongriffiths@example.net,DE,2026-07-23
CUST_00797,Dominic,Paul,lucasjensen@example.net,DE,2025-08-05
CUST_00798,Emily,Taylor,jillharris@example.com,US,2024-10-24
CUST_00799,Trevor,Lee,naomi29@example.net,US,2025-12-10
CUST_00800,James,Hunt,gsantana@example.com,DE,2024-12-30
CUST_00801,Kayla,Mitchell,zboyle@example.com,US,2024-12-29
CUST_00802,Howard,Decker,vanessa25@example.net,UK,2025-05-30
CUST_00803,Kathryn,Fields,debrawillis@example.net,US,2024-09-07
CUST_00804,Dillon,Tyler,frazierjacqueline@example.com,US,2026-07-24
CUST_00805,Leigh,Stone,nathandixon@example.net,US,2025-04-06
CUST_00806,Stephen,Lopez,hallchloe@example.com,US,2025-12-18
CUST_00807,Michael,Rodriguez,fhuang@example.net,DE,2024-10-14
CUST_00808,Briana,Brown,howardmorgan@example.org,DE,2026-04-07
CUST_00809,Leanne,Williams,victorjohnson@example.org,US,2026-01-26
CUST_00810,Lisa,Walter,michelle68@example.com,UK,2026-02-08
CUST_00811,Erika,Smith,xclark@example.com,DE,2025-02-17
CUST_00812,Beth,Gibbs,lynne77@example.org,DE,2024-09-03
CUST_00813,Shirley,Thompson,murphylouis@example.com,UK,2026-08-09
CUST_00814,Mark,Brown,bchan@example.net,DE,2025-08-08
CUST_00815,Kimberly,Jackson,markstone@example.net,DE,2025-02-05
CUST_00816,Marion,Berry,smithkristen@example.org,US,2026-08-12
CUST_00817,Kirsty,Talbot,ericadavis@example.org,US,2025-10-28
CUST_00818,James,Fleming,brandihunt@example.com,UK,2024-09-21
CUST_00819,Bruce,Dawson,anthonyparks@example.com,UK,2026-04-17
CUST_00820,Gareth,Simpson,meyervalerie@example.net,UK,2025-06-23
CUST_00821,Daniel,Brennan,creynolds@example.net,DE,2025-01-09
CUST_00822,Stephanie,Godfrey,larry67@example.com,UK,2025-12-09
CUST_00823,Michael,Edwards,emma79@example.com,UK,2026-03-22
CUST_00824,Jason,Pace,smithcristina@example.org,UK,2026-07-24
CUST_00825,Joseph,Hernandez,gary75@example.net,US,2025-05-15
CUST_00826,Lewis,Wright,carolpearce@example.org,DE,2026-02-09
CUST_00827,Nicholas,Carter,amyflores@example.net,UK,2024-12-08
CUST_00828,Vincent,Bryant,annette48@example.net,UK,2024-11-18
CUST_00829,Eric,Duffy,christinagarcia@example.com,US,2025-07-09
CUST_00830,Suzanne,Powell,gilbert47@example.net,US,2025-10-09
CUST_00831,Peggy,Brookes,danny77@example.net,UK,2026-03-11
CUST_00832,Adam,Nguyen,alicia52@example.net,US,2024-08-26
CUST_00833,Gail,Holden,justin51@example.org,UK,2025-07-22
CUST_00834,Jacqueline,Hubbard,collinscheryl@example.net,UK,2026-02-06
CUST_00835,Matthew,Stewart,msmith@example.com,US,2026-08-02
CUST_00836,Shannon,Lambert,elliott06@example.org,US,2026-07-06
CUST_00837,Graeme,Mahoney,smithmelanie@example.net,DE,2024-11-14
CUST_00838,Anthony,Ward,lori84@example.org,UK,2026-08-21
CUST_00839,Anthony,Savage,flynnemily@example.com,US,2025-12-02
CUST_00840,Megan,King,daviesconor@example.net,US,2024-09-23
CUST_00841,Janet,Foster,bensonjustin@example.org,UK,2025-10-21
CUST_00842,David,Kennedy,irogers@example.com,US,2024-12-01
CUST_00843,Thomas,Cummings,anthony39@example.org,UK,2024-10-04
CUST_00844,Jennifer,Tomlinson,mohamedsimmons@example.com,DE,2024-12-03
CUST_00845,Francis,Hawkins,rstanton@example.com,UK,2026-05-03
CUST_00846,Ariana,Ward,victor53@example.org,US,2026-01-12
CUST_00847,Sheila,Cross,williamscharles@example.com,UK,2026-06-19
CUST_00848,Jamie,Bond,geoffrey36@example.net,DE,2026-07-16
CUST_00849,Justin,Webb,gsimon@example.net,US,2025-02-22
CUST_00850,Isabella,Nolan,brownkimberly@example.com,US,2025-08-21
CUST_00851,Cynthia,Patel,laurajohnson@example.net,UK,2025-06-20
CUST_00852,Arthur,Bell,rossriley@example.net,US,2025-02-21
CUST_00853,Marian,Jones,rpena@example.net,UK,2025-02-19
CUST_00854,Justin,Mason,darren33@example.net,DE,2024-09-21
CUST_00855,Donald,Hunt,hugh84@example.net,UK,2025-07-24
CUST_00856,Joanne,Baldwin,jessica56@example.org,UK,2025-11-01
CUST_00857,Garry,Little,mkhan@example.com,UK,2025-05-29
CUST_00858,Callum,Patterson,carlybarnes@example.com,US,2026-01-03
CUST_00859,Jack,Choi,karensimpson@example.com,US,2025-12-26
CUST_00860,Brandi,Haynes,eortega@example.org,UK,2025-04-16
CUST_00861,Cory,Johnson,katherine37@example.com,US,2025-11-09
CUST_00862,Victor,Wall,bhall@example.com,US,2025-03-04
CUST_00863,Joseph,Allen,awade@example.com,US,2026-07-03
CUST_00864,James,Pope,michelle65@example.net,US,2024-10-28
CUST_00865,Scott,Carr,kevin05@example.net,US,2026-02-20
CUST_00866,Luke,Brown,amy11@example.net,US,2026-01-18
CUST_00867,Martin,Goodwin,lisa60@example.com,UK,2025-11-12
CUST_00868,Alex,Allen,hamiltonjonathan@example.com,UK,2025-10-05
CUST_00869,Shawn,Payne,mthomas@example.org,DE,2025-12-14
CUST_00870,Stephanie,Jenkins,karlbrowne@example.com,DE,2025-03-21
CUST_00871,Kathleen,Meyer,craig02@example.org,UK,2025-07-20
CUST_00872,Matthew,Bell,graynatasha@example.com,UK,2025-11-30
CUST_00873,Victor,Page,tcarpenter@example.net,US,2026-03-04
CUST_00874,Nicholas,Edwards,perezjoseph@example.org,US,2024-11-22
CUST_00875,Bethany,Hardy,mellortrevor@example.org,UK,2024-12-17
CUST_00876,Jesus,Christensen,erin47@example.org,UK,2026-07-27
CUST_00877,Deborah,Bush,jonathan47@example.org,US,2025-12-23
CUST_00878,Charles,Griffiths,kathrynjohn@example.net,US,2026-01-24
CUST_00879,Edward,Haynes,reececook@example.org,UK,2025-12-19
CUST_00880,Harold,Davis,elliottdobson@example.net,UK,2026-08-15
CUST_00881,James,Roach,paigeclark@example.org,UK,2025-11-08
CUST_00882,Ann,Johnson,brownjoanna@example.org,US,2025-09-09
CUST_00883,Timothy,Hunter,henrywendy@example.com,UK,2025-02-04
CUST_00884,John,Olson,ahmedamelia@example.org,UK,2026-04-15
CUST_00885,Jasmine,Phelps,uwhite@example.com,US,2025-05-23
CUST_00886,Brett,Hunter,mitchellcarol@example.com,UK,2025-09-09
CUST_00887,David,Maynard,chapmanglen@example.net,US,2025-08-07
CUST_00888,Michael,Ford,ubradley@example.net,UK,2025-05-14
CUST_00889,Katrina,Douglas,gary41@example.org,UK,2025-03-15
CUST_00890,Patricia,Power,thomasjemma@example.net,UK,2025-04-29
CUST_00891,Alan,James,lambbenjamin@example.com,US,2026-05-30
CUST_00892,Natasha,Crosby,qacosta@example.org,DE,2025-01-10
CUST_00893,Gerald,Walker,lukegibson@example.org,DE,2024-09-20
CUST_00894,David,Thomas,mathewahmed@example.net,UK,2026-08-14
CUST_00895,Lauren,Santos,kristy23@example.net,US,2025-07-12
CUST_00896,Danny,Brooks,ben53@example.org,UK,2025-03-26
CUST_00897,Ralph,Pierce,matthewsmith@example.org,UK,2025-03-11
CUST_00898,Danny,Finch,newtonjade@example.com,DE,2024-12-15
CUST_00899,Raymond,Wolfe,kayleeandrews@example.net,UK,2025-02-05
CUST_00900,Lewis,Smith,saralee@example.org,UK,2026-06-12
CUST_00901,Joshua,Richards,janet09@example.net,UK,2025-06-01
CUST_00902,Crystal,Jones,higginscallum@example.org,UK,2025-12-26
CUST_00903,Samuel,Reilly,nortonneil@example.org,UK,2025-06-21
CUST_00904,Billy,Williams,sheajeffrey@example.com,US,2025-07-19
CUST_00905,Lisa,White,jwhite@example.net,US,2025-03-03
CUST_00906,Colin,Jones,natalieosullivan@example.net,DE,2025-09-30
CUST_00907,Frances,King,websterjames@example.com,DE,2025-07-06
CUST_00908,Nancy,O'Neill,colleen48@example.net,UK,2025-11-14
CUST_00909,Adam,Phillips,athompson@example.net,UK,2024-11-27
CUST_00910,Lynda,Olson,abdul96@example.org,UK,2024-08-25
CUST_00911,Leon,Harding,brownkatherine@example.com,US,2026-04-17
CUST_00912,Max,Ali,richardturner@example.com,UK,2026-08-13
CUST_00913,Gillian,Hunt,mary63@example.net,US,2026-04-07
CUST_00914,Maria,Ray,glennbuckley@example.org,US,2026-07-21
CUST_00915,Melissa,Dunn,fperkins@example.com,US,2026-03-11
CUST_00916,Amber,Jones,reidmaria@example.org,US,2024-11-08
CUST_00917,Brittany,Alexander,vanessamurphy@example.org,UK,2024-12-15
CUST_00918,Nicole,Marks,jennifer13@example.com,DE,2026-06-17
CUST_00919,Joel,Smith,scottgeorge@example.org,US,2024-11-15
CUST_00920,Tammy,O'Neill,angelicaroberts@example.org,UK,2025-06-07
CUST_00921,Gabriel,Castillo,kristenlong@example.com,DE,2026-03-31
CUST_00922,Mark,Rice,yvonnesykes@example.com,US,2026-07-15
CUST_00923,Michael,Morgan,owilliams@example.net,DE,2025-03-21
CUST_00924,Harry,Gonzalez,gordonglen@example.net,US,2026-03-10
CUST_00925,Pamela,Browning,pelliott@example.net,US,2025-12-19
CUST_00926,Cameron,Sanchez,powellgary@example.org,UK,2025-12-15
CUST_00927,Lewis,Morgan,jbennett@example.org,UK,2025-07-12
CUST_00928,Mandy,Watson,nheath@example.com,US,2025-01-16
CUST_00929,Scott,Winters,beth49@example.net,US,2025-08-05
CUST_00930,Jane,Jenkins,lmurphy@example.com,UK,2025-12-20
CUST_00931,Kelly,Garner,khansen@example.net,UK,2024-12-16
CUST_00932,Paul,Scott,douglasperry@example.org,DE,2024-10-10
CUST_00933,Sandra,Brooks,dhudson@example.net,DE,2025-02-12
CUST_00934,Travis,Hernandez,marilyn75@example.com,US,2025-08-01
CUST_00935,Casey,Adams,masonthomas@example.net,UK,2026-07-31
CUST_00936,Elaine,Hall,john10@example.org,UK,2025-04-09
CUST_00937,Kimberly,Turner,morenoreginald@example.org,UK,2026-04-14
CUST_00938,Adam,Fischer,obaker@example.org,DE,2026-05-06
CUST_00939,Robin,Schroeder,kelly97@example.net,UK,2025-10-08
CUST_00940,Emma,Winter,johnlewis@example.net,US,2024-12-24
CUST_00941,Linda,Collins,hammondnathan@example.org,UK,2026-06-08
CUST_00942,Olivia,Wilson,sian62@example.com,US,2024-09-02
CUST_00943,Anthony,May,hooperjamie@example.org,US,2025-04-21
CUST_00944,Sean,Bates,cbrown@example.org,DE,2025-03-17
CUST_00945,Jack,Miller,gene14@example.org,UK,2024-10-25
CUST_00946,Shannon,Thomas,beasleycarrie@example.org,UK,2026-07-09
CUST_00947,Bethan,Gonzales,tracyball@example.net,UK,2025-01-21
CUST_00948,Michael,Ramsey,iwarren@example.com,DE,2025-02-10
CUST_00949,Lisa,Hanna,andrew60@example.org,DE,2025-03-05
CUST_00950,Phillip,Malone,qcooper@example.org,US,2025-07-28
CUST_00951,Carole,Brooks,andrea27@example.org,US,2026-04-30
CUST_00952,David,Quinn,hmiller@example.com,US,2025-03-19
CUST_00953,Norman,Mitchell,taylorwebb@example.com,UK,2026-01-23
CUST_00954,Eleanor,Owen,nanderson@example.com,DE,2026-05-22
CUST_00955,Declan,Jones,myerstyler@example.net,US,2024-12-27
CUST_00956,Anne,Roberts,bradley04@example.net,UK,2025-06-26
CUST_00957,Caitlyn,Phillips,yvette62@example.com,US,2026-01-01
CUST_00958,Joshua,Abbott,deborah49@example.com,UK,2026-02-17
CUST_00959,Roberto,Brown,alan40@example.org,UK,2024-09-11
CUST_00960,Tabitha,Harvey,murphydanielle@example.com,US,2025-12-25
CUST_00961,Dustin,Green,eileen31@example.net,UK,2026-05-20
CUST_00962,Jennifer,Andrews,tompatterson@example.com,US,2026-07-31
CUST_00963,Brian,Rahman,yolanda05@example.com,UK,2026-02-09
CUST_00964,Patrick,Wilson,devon48@example.org,UK,2024-11-14
CUST_00965,Michelle,Meza,pjohnson@example.com,UK,2025-08-06
CUST_00966,Michael,Walton,darrenwilkins@example.org,UK,2026-03-09
CUST_00967,Nicholas,Perry,marcuscampbell@example.org,US,2025-01-08
CUST_00968,Susan,Mills,paul25@example.org,UK,2026-03-03
CUST_00969,Hannah,Anderson,ngordon@example.org,US,2024-09-30
CUST_00970,Julie,Thompson,bowenian@example.com,US,2026-07-01
CUST_00971,Sean,Ward,twright@example.net,US,2025-11-03
CUST_00972,Matthew,Thomas,tmckee@example.org,DE,2025-01-15
CUST_00973,Sandra,Wright,paul52@example.com,US,2025-10-27
CUST_00974,Samuel,Horton,santosscott@example.org,UK,2025-07-01
CUST_00975,Charles,Meyer,irice@example.com,UK,2026-06-30
CUST_00976,Patrick,Walsh,fitzgeraldkari@example.net,UK,2026-01-09
CUST_00977,Jessica,Robinson,qbrooks@example.org,US,2025-07-12
CUST_00978,Linda,Baldwin,marionvaughan@example.com,UK,2024-11-30
CUST_00979,Jason,Gonzales,dylancook@example.org,US,2026-07-14
CUST_00980,Victoria,Smith,glennandrew@example.org,US,2026-01-16
CUST_00981,Rosie,Wallace,davisfelicia@example.org,UK,2026-04-21
CUST_00982,Tracy,Hoffman,ktorres@example.net,US,2026-01-11
CUST_00983,Keith,Cole,jmanning@example.org,UK,2025-09-14
CUST_00984,Olivia,Pugh,lydiaedwards@example.net,UK,2025-01-11
CUST_00985,Melissa,Talbot,sara61@example.net,US,2025-10-03
CUST_00986,Cameron,Banks,laura57@example.org,US,2025-04-14
CUST_00987,Bradley,Wells,fjoyce@example.net,US,2026-08-11
CUST_00988,Robert,Johnson,nunezjanet@example.com,US,2025-04-19
CUST_00989,Thomas,Ball,fwhite@example.com,UK,2025-08-03
CUST_00990,Andrew,Baker,clee@example.org,DE,2025-01-15
CUST_00991,Robin,West,richardsonjacqueline@example.com,US,2024-10-12
CUST_00992,Michelle,Browne,johnho@example.org,US,2025-01-30
CUST_00993,Mary,Godfrey,rebecca69@example.org,UK,2026-05-26
CUST_00994,Judith,Scott,hickscheryl@example.com,US,2024-09-09
CUST_00995,Katherine,Knight,asmith@example.net,UK,2025-08-11
CUST_00996,Judy,Hill,dannywilliams@example.net,UK,2025-05-19
CUST_00997,Josh,Miller,andrewthomas@example.net,DE,2024-10-29
CUST_00998,Tammy,Gibson,holly92@example.net,UK,2024-12-11
CUST_00999,Kirsty,Jones,hillchristopher@example.com,DE,2025-10-20
CUST_01000,Linda,Brown,reidmegan@example.net,US,2025-07-30
